{"train_loss": [3.534022092819214, 3.4276115894317627, 3.4681553840637207, 3.612961769104004, 3.4888336658477783, 3.5274014472961426, 3.650167465209961, 3.727525472640991, 3.3593804836273193, 3.580519199371338, 3.428874969482422, 3.314241409301758, 3.281918525695801, 3.3317370414733887, 3.433349132537842, 3.4043939113616943, 3.3807644844055176, 3.284008502960205, 3.5629308223724365, 3.4662632942199707, 3.5367507934570312, 3.415386438369751, 3.2423572540283203, 3.4147818088531494, 3.361030101776123, 3.3233819007873535, 3.3924503326416016, 3.1609244346618652], "val_loss": [3.560819625854492, 3.5021626949310303, 3.5631232261657715, 3.5175158977508545, 3.518848419189453, 3.532649517059326, 3.500767707824707, 3.5159573554992676, 3.504152774810791, 3.520580291748047, 3.4833011627197266, 3.459991455078125, 3.4125819206237793, 3.4888930320739746, 3.439271926879883, 3.459261417388916, 3.484374523162842, 3.4561994075775146, 3.458272695541382, 3.3965442180633545, 3.449777603149414, 3.441680431365967, 3.4096155166625977, 3.4288501739501953, 3.4364402294158936, 3.4374523162841797, 3.430405378341675, 3.4171576499938965], "val_pp": [35.191945333249755, 33.18706989907994, 35.27310690089582, 33.70052890293352, 33.74546548279091, 34.21441822706521, 33.14080667139854, 33.64804614895855, 33.25318053558976, 33.803958926066024, 32.566977656601566, 31.81663059300841, 30.343418030560812, 32.74959793659119, 31.164187949892277, 31.79341174549821, 32.60195250559586, 31.696208966058432, 31.761992460858192, 29.860661145271504, 31.493314419266113, 31.239337448449582, 30.253540627823924, 30.841089251942694, 31.076065284431756, 31.10753286213238, 30.889090733479485, 30.48257934547869], "val_acc": [0.36541748046875, 0.3692677915096283, 0.36737060546875, 0.3692169189453125, 0.3677927851676941, 0.3672383725643158, 0.3748728632926941, 0.3701731562614441, 0.3719838559627533, 0.3727010190486908, 0.376190185546875, 0.3790537714958191, 0.3787333369255066, 0.3764089047908783, 0.377044677734375, 0.3764902949333191, 0.3773244321346283, 0.3785858154296875, 0.3780568540096283, 0.38330078125, 0.3807830810546875, 0.37957763671875, 0.3835347592830658, 0.3824056088924408, 0.3836212158203125, 0.3815155029296875, 0.3814290463924408, 0.3831079602241516], "args": {"config_format": "base", "batch_size": 32, "acc_steps": 4, "seed": 0, "data_seed": 0, "device": null, "iterations": 40000, "lr": 0.001, "final_div_factor": 0.05, "warmup_percent": 0.2, "weight_decay": 0.1, "beta1": 0.9, "beta2": 0.95, "scheduler": "cos", "opt": "adamw", "eval_freq": 500, "results_base_folder": "/content/drive/MyDrive/cotformer_outputs", "grad_clip": 0.0, "dataset": "owt2", "vocab_size": 50304, "add_additional_space": false, "data_dir": "/content/data", "data_in_ram": true, "model": "cotformer_full_depth", "use_pretrained": "ckpt_26000.pt", "dropout": 0.0, "n_head": 12, "n_layer": 12, "n_embd": 768, "sequence_length": 256, "dtype": null, "bias": false, "compile": false, "rmsnorm_eps": 1e-05, "multiple_of": 256, "run_prefix": null, "exp_name": "BaseCot_12L_5R", "n_repeat": 5, "min_repeat": 5, "depth_random_method": "uniform_random_range", "depth_embedding": null, "n_layer_begin": 0, "n_layer_end": 0, "mod_capacity_factor": 0.6, "eval_length_factor": null, "training_length_factor": null, "disable_ln_mid": false, "halt_threshold": 0.999, "depth_predictor_loss_coef": 1.0, "wandb": false, "wandb_project": "my-project", "wandb_entity": null, "eval_seq_prefix": "Once upon a time", "distributed_backend": null, "positional_encoder": "rotary", "lm_cache": "none", "mem_cache_size": null, "cache_topk": 1, "cache_selection_method": "per_token_and_head", "cache_indexing_scheme": "by_total", "pos_jump_freq": null, "pos_jump_schedule": null, "eval_seq_length": null, "eval_sample_size": null, "attention_window_length": null, "track_cache_attention": false, "allow_cache_during_training": false, "optimization_process": null, "total_sequence_length": null, "save_checkpoint_freq": 1000, "remove_intermediary_checkpoints_at_end": false, "act_penalty": 0.03, "world_size": 1}}